Dataset,Logs,Train Accuracy,Test Accuracy
Wine,True,0.9850746268656716,0.9545454545454546
Wine,False,0.9850746268656716,0.9545454545454546
College,True,0.6904761904761905,0.6582278481012658
College,False,0.6904761904761905,0.6582278481012658
